epoch,split,loss,perplexity,bpc
1,train,4.305078983306885,74.0750659154648,6.2109160998521435
1,val,4.002363539938738,54.72734756294472,5.774190030904414
