epoch,split,loss,perplexity,bpc
1,train,0.0,1.0,0.0
1,val,3.537341748104721,34.37541910661064,5.1033053979201775
