epoch,split,loss,perplexity,bpc
1,train,2.944361384709676,18.99852576251854,4.247815568305611
1,val,2.387252913662499,10.883554774505017,3.4440779398886163
