epoch,split,loss,perplexity,bpc
1,train,3.078156312306722,21.718323655167538,4.440840846845967
1,val,2.48165685798555,11.961065796663826,3.5802740422038393
