arch_name,n_ok,params_mean,best_val_bpc_mean,best_val_bpc_std,best_val_bpc_sem,best_val_bpc_ci95_low,best_val_bpc_ci95_high,final_val_bpc_mean,final_val_bpc_std,final_val_bpc_sem,final_val_bpc_ci95_low,final_val_bpc_ci95_high,best_val_loss_mean,best_val_loss_std,best_val_loss_sem,best_val_loss_ci95_low,best_val_loss_ci95_high,final_val_loss_mean,final_val_loss_std,final_val_loss_sem,final_val_loss_ci95_low,final_val_loss_ci95_high
mamba2_depth4,15,1682907,2.09815494,0.00531353,0.00137195,2.09521240,2.10109747,2.09815494,0.00531353,0.00137195,2.09521240,2.10109747,1.45433018,0.00368306,0.00095096,1.45229057,1.45636979,1.45433018,0.00368306,0.00095096,1.45229057,1.45636979
mamba2_slow_init,15,1682907,2.09880594,0.00588051,0.00151834,2.09554942,2.10206246,2.09880594,0.00588051,0.00151834,2.09554942,2.10206246,1.45478142,0.00407606,0.00105243,1.45252417,1.45703867,1.45478142,0.00407606,0.00105243,1.45252417,1.45703867
mamba2_split_ts_slow_veryslow,15,1682907,2.09647005,0.00472808,0.00122079,2.09385173,2.09908838,2.09647005,0.00472808,0.00122079,2.09385173,2.09908838,1.45316231,0.00327726,0.00084618,1.45134742,1.45497719,1.45316231,0.00327726,0.00084618,1.45134742,1.45497719
ms_gated_right_init,15,2649531,2.08978791,0.00597329,0.00154230,2.08648001,2.09309581,2.08978791,0.00597329,0.00154230,2.08648001,2.09309581,1.44853060,0.00414037,0.00106904,1.44623774,1.45082346,1.44853060,0.00414037,0.00106904,1.44623774,1.45082346
