epoch,split,answer_loss,answer_ppl,answer_accuracy,exact_match
1,train,6.202718198299408,494.09025271255575,0.11279296875,0.0
1,val,6.981470108032227,1076.4997752567597,0.00048828125,0.0
