epoch,split,loss,perplexity,bpc
1,train,4.316521167755127,74.92751411701838,6.227423682612559
1,val,3.9351905155270908,51.17189806917737,5.677279841704217
