split,loss,perplexity,bpc
train,1.239311974590802,3.4532367326143643,1.787949239856459
val,1.6563496187033242,5.240147352812555,2.3896073808816114
