epoch,split,answer_loss,answer_ppl,answer_accuracy,exact_match
1,train,5.550422695159912,257.3463119593132,0.004903125,0.0
1,val,5.563149017333984,260.6423125335111,0.0043125,0.0
