epoch,split,loss,perplexity,bpc
1,train,4.355207920074463,77.88301709618786,6.283236868331764
1,val,4.111382142331524,61.031012848560096,5.931470627941133
