epoch,split,loss,perplexity,bpc
1,train,3.0430973370869956,20.970094201082897,4.390261437157819
1,val,2.492828841999682,12.095443869700876,3.5963918081379185
