epoch,split,answer_loss,answer_ppl,answer_accuracy,exact_match
1,train,6.279864579439163,533.7163827596194,0.0927734375,0.0
1,val,7.0131789445877075,1111.1812799352713,0.00146484375,0.0
