epoch,split,answer_loss,answer_ppl,answer_accuracy,exact_match
1,train,6.225934565067291,505.6954269661477,0.097412109375,0.0
1,val,6.9771323800086975,1071.840325034179,0.00390625,0.0
