epoch,split,loss,perplexity,bpc
1,train,0.9798669608881497,2.6641017886160268,1.4136492052042735
1,val,2.1728665343701543,8.783425980868966,3.13478377364941
