arch_name,arch_type,params,lm_val_loss,lm_bpc,lm_delta_vs_mamba2_depth4_pct,lm_delta_vs_mamba2_depth6_pct,mqar_easy_mean_acc,mqar_easy_mean_em,mqar_easy_collapse_rate,mqar_easy_saturation_rate,mqar_trans704_mean_acc,mqar_trans704_mean_em,mqar_trans704_std_acc,mqar_trans704_collapse_rate,mqar_trans704_saturation_rate,mqar_trans768_mean_acc,mqar_trans768_mean_em,mqar_trans768_std_acc,mqar_trans768_collapse_rate,mqar_trans768_saturation_rate,timing_tokens_per_sec_batch1,timing_tokens_per_sec_batch8,timing_tokens_per_sec_batch16,speed_penalty_vs_mamba2_depth4_pct_batch16,decision
mamba2_depth4,baseline,1702401,1.59202970,2.29681335,,3.4164,0.99805208,0.97033333,0.000000,1.000000,0.66235417,0.56483333,0.46219401,0.333333,0.333333,0.34765625,0.29666667,0.45623404,0.666667,0.333333,451941.923900,,,,BASELINE
mamba2_depth6,equal_param_baseline,2536673,1.53943708,2.22093824,-3.3035,,0.68129167,0.64200000,0.333333,0.666667,0.01959375,0.00000000,0.00660867,1.000000,0.000000,0.02058333,0.00000000,0.00248620,1.000000,0.000000,308408.470600,,,,BASELINE
mamba2_split_ts_25slow_75fast,candidate_timescale_init,1702401,1.58487901,2.28649709,-0.4492,2.9519,0.99731250,0.95816667,0.000000,1.000000,0.34203125,0.24583333,0.45203571,0.666667,0.000000,0.33552083,0.29516667,0.46447223,0.666667,0.333333,445137.389900,3498406.230400,5798540.364200,,FAIL
mamba2_split_ts_50_50,candidate_timescale_init,1702401,1.57864593,2.27750465,-0.8407,2.5470,0.99902083,0.98433333,0.000000,1.000000,0.99804167,0.96950000,0.00057358,0.000000,1.000000,0.99817708,0.97133333,0.00083320,0.000000,1.000000,458973.016600,3553129.855100,5798172.586500,,TRADEOFF
mamba2_split_ts_75slow_25fast,candidate_timescale_init,1702401,1.59104282,2.29538959,-0.0620,3.3522,0.99888542,0.98216667,0.000000,1.000000,0.99782292,0.96533333,0.00118540,0.000000,1.000000,0.99691667,0.95250000,0.00045952,0.000000,1.000000,446922.554200,3449544.777100,5792152.747400,,TRADEOFF
