arch_name,arch_type,params,lm_val_loss,lm_bpc,lm_delta_vs_mamba2_depth4_pct,lm_delta_vs_mamba2_depth6_pct,mqar_easy_mean_acc,mqar_easy_mean_em,mqar_easy_collapse_rate,mqar_easy_saturation_rate,mqar_trans704_mean_acc,mqar_trans704_mean_em,mqar_trans704_std_acc,mqar_trans704_collapse_rate,mqar_trans704_saturation_rate,mqar_trans768_mean_acc,mqar_trans768_mean_em,mqar_trans768_std_acc,mqar_trans768_collapse_rate,mqar_trans768_saturation_rate,timing_tokens_per_sec_batch1,timing_tokens_per_sec_batch8,timing_tokens_per_sec_batch16,speed_penalty_vs_mamba2_depth4_pct_batch16,decision
mamba2_depth4,baseline,1702401,1.59202970,2.29681335,,3.4164,0.99805208,0.97033333,0.000000,1.000000,0.66235417,0.56483333,0.46219401,0.333333,0.333333,0.34765625,0.29666667,0.45623404,0.666667,0.333333,451941.923900,3465295.652500,5779343.390600,0.0000,BASELINE
mamba2_depth6,equal_param_baseline,2536673,1.53943708,2.22093824,-3.3035,,0.68129167,0.64200000,0.333333,0.666667,0.01959375,0.00000000,0.00660867,1.000000,0.000000,0.02058333,0.00000000,0.00248620,1.000000,0.000000,308408.470600,2404062.737300,3953887.222600,31.5859,BASELINE
ms_attention_stride4,candidate,2800865,1.57227017,2.26830638,-1.2412,2.1328,0.99476042,0.92433333,0.000000,0.666667,0.01486458,0.00000000,0.00264456,1.000000,0.000000,0.01002083,0.00000000,0.00476426,1.000000,0.000000,284674.640200,2201804.134200,4249680.640700,26.4678,FAIL
ms_gated_stride2,candidate,2669025,1.57576218,2.27334428,-1.0218,2.3596,0.99806250,0.97016667,0.000000,1.000000,0.99322917,0.89950000,0.00325684,0.000000,1.000000,0.65585417,0.47983333,0.45440768,0.333333,0.333333,294818.327800,2342538.826500,4252154.001700,26.4250,TRADEOFF
