arch_name,arch_type,params,lm_val_loss,lm_bpc,lm_delta_vs_mamba2_depth4_pct,lm_delta_vs_mamba2_depth6_pct,mqar_easy_mean_acc,mqar_easy_mean_em,mqar_easy_collapse_rate,mqar_easy_saturation_rate,mqar_trans704_mean_acc,mqar_trans704_mean_em,mqar_trans704_std_acc,mqar_trans704_collapse_rate,mqar_trans704_saturation_rate,mqar_trans768_mean_acc,mqar_trans768_mean_em,mqar_trans768_std_acc,mqar_trans768_collapse_rate,mqar_trans768_saturation_rate,timing_tokens_per_sec_batch1,timing_tokens_per_sec_batch8,timing_tokens_per_sec_batch16,speed_penalty_vs_mamba2_depth4_pct_batch16,decision
mamba2_depth4,baseline,1702401,1.59202970,2.29681335,,3.4164,0.99805208,0.97033333,0.000000,1.000000,0.66235417,0.56483333,0.46219401,0.333333,0.333333,0.34765625,0.29666667,0.45623404,0.666667,0.333333,451941.923900,,,,BASELINE
mamba2_depth6,equal_param_baseline,2536673,1.53943708,2.22093824,-3.3035,,0.68129167,0.64200000,0.333333,0.666667,0.01959375,0.00000000,0.00660867,1.000000,0.000000,0.02058333,0.00000000,0.00248620,1.000000,0.000000,308408.470600,,,,BASELINE
ms_multiaxis_s2_s8,candidate,3216465,1.57269017,2.26891231,-1.2148,2.1601,0.99728125,0.95833333,0.000000,1.000000,0.67167708,0.58566667,0.45283082,0.333333,0.666667,0.03195833,0.00000000,0.01613929,0.666667,0.000000,253060.335400,1958324.530100,3790143.565400,,TRADEOFF
ms_multiaxis_s4_s16,candidate,3216465,1.57361238,2.27024278,-1.1568,2.2200,0.99760417,0.96283333,0.000000,1.000000,0.64492708,0.38866667,0.44293856,0.333333,0.333333,0.02130208,0.00000000,0.00375835,1.000000,0.000000,,,,,FAIL
