epoch,split,answer_loss,answer_ppl,answer_accuracy,exact_match
1,train,5.824170857667923,338.3804511749671,0.0078125,0.0
1,val,5.997242033481598,402.31768329437915,0.00390625,0.0
