epoch,split,loss,perplexity,bpc
1,train,3.039491144816081,20.894608199777394,4.385058801452078
1,val,2.4834715511312013,11.982791167258267,3.582892091005806
2,train,2.273040596644084,9.70887675722245,3.2793043965177104
2,val,2.1662538363543553,8.725535454549458,3.1252436670151207
3,train,2.0110300223032636,7.471008691091072,2.90130304025574
3,val,2.001982040072082,7.403716027697455,2.888249561160763
4,train,1.8413818677266438,6.305245258613084,2.6565524889520864
4,val,1.8963103404836434,6.661271221809015,2.7357975242022143
5,train,1.7193771839141845,5.581051413010933,2.4805369366506254
5,val,1.8202446200083977,6.173368394623211,2.626057886490931
6,train,1.6277494271596273,5.092400992785242,2.3483460263730453
6,val,1.764289112022678,5.8374211302317836,2.5453311526095104
7,train,1.563076655069987,4.773485042805535,2.255042938798779
7,val,1.7134804700537651,5.54823838937282,2.472029776806657
8,train,1.5138538281122844,4.544209695413302,2.184029410448366
8,val,1.675330030879986,5.340557407118082,2.41699032740291
9,train,1.47151780128479,4.355841427994843,2.1229514344933977
9,val,1.6486933622133646,5.200180633592394,2.3785617376117725
10,train,1.4457040389378866,4.244839623425674,2.085710047568834
10,val,1.6225749182797948,5.066118377086813,2.340880788073075
