epoch,split,loss,perplexity,bpc
1,train,3.0258904933929442,20.612351704051175,4.365437209091059
1,val,2.473402457325435,11.862740732774258,3.5683654593059813
