epoch,split,loss,perplexity,bpc
1,train,4.3633294105529785,78.51811877321938,6.294953702369746
1,val,4.090231454458433,59.75372036871772,5.900956635435233
