epoch,split,loss,perplexity,bpc
1,train,4.365821361541748,78.71402607124607,6.2985488277033825
1,val,4.094894358351069,60.03299683767372,5.907683783757281
