epoch,split,answer_loss,answer_ppl,answer_accuracy,exact_match
1,train,6.33122655749321,561.845306964815,0.077392578125,0.0
1,val,7.013629496097565,1111.682037138657,0.0029296875,0.0
