epoch,split,loss,perplexity,bpc
1,train,0.0,1.0,0.0
1,val,3.5213762775496122,33.83095722517131,5.080272092724864
