epoch,split,answer_loss,answer_ppl,answer_accuracy,exact_match
1,train,5.774518376922607,321.9893198809035,0.003990625,0.0
1,val,5.787779281616211,326.28762629154545,0.00346875,0.0
