epoch,split,loss,perplexity,bpc
1,train,1.0720947788534116,2.921492976258091,1.546705820814767
1,val,2.11291442001917,8.272315187842262,3.048291155584437
