split,loss,perplexity,bpc
val,2.102816022810389,8.189198442529795,3.0337222480104016
